id,title
,
1,delectus aut autem
2,quis ut nam facilis et officia qui
3,fugiat veniam minus
4,et porro tempora
5,laboriosam mollitia et enim quasi adipisci quia provident illum
6,qui ullam ratione quibusdam voluptatem quia omnis
7,illo expedita consequatur quia in
8,quo adipisci enim quam ut ab
9,molestiae perspiciatis ipsa
10,illo est ratione doloremque quia maiores aut
11,vero rerum temporibus dolor
12,ipsa repellendus fugit nisi
13,et doloremque nulla
14,repellendus sunt dolores architecto voluptatum
15,ab voluptatum amet voluptas
16,accusamus eos facilis sint et aut voluptatem
17,quo laboriosam deleniti aut qui
18,dolorum est consequatur ea mollitia in culpa
19,molestiae ipsa aut voluptatibus pariatur dolor nihil
20,ullam nobis libero sapiente ad optio sint
21,suscipit repellat esse quibusdam voluptatem incidunt
22,distinctio vitae autem nihil ut molestias quo
23,et itaque necessitatibus maxime molestiae qui quas velit
24,adipisci non ad dicta qui amet quaerat doloribus ea
25,voluptas quo tenetur perspiciatis explicabo natus
26,aliquam aut quasi
27,veritatis pariatur delectus
28,nesciunt totam sit blanditiis sit
29,laborum aut in quam
30,nemo perspiciatis repellat ut dolor libero commodi blanditiis omnis
31,repudiandae totam in est sint facere fuga
32,earum doloribus ea doloremque quis
33,sint sit aut vero
34,porro aut necessitatibus eaque distinctio
35,repellendus veritatis molestias dicta incidunt
36,excepturi deleniti adipisci voluptatem et neque optio illum ad
37,sunt cum tempora
38,totam quia non
39,doloremque quibusdam asperiores libero corrupti illum qui omnis
40,totam atque quo nesciunt
41,aliquid amet impedit consequatur aspernatur placeat eaque fugiat suscipit
42,rerum perferendis error quia ut eveniet
43,tempore ut sint quis recusandae
44,cum debitis quis accusamus doloremque ipsa natus sapiente omnis
45,velit soluta adipisci molestias reiciendis harum
46,vel voluptatem repellat nihil placeat corporis
47,nam qui rerum fugiat accusamus
48,sit reprehenderit omnis quia
49,ut necessitatibus aut maiores debitis officia blanditiis velit et
50,cupiditate necessitatibus ullam aut quis dolor voluptate
51,distinctio exercitationem ab doloribus
52,nesciunt dolorum quis recusandae ad pariatur ratione
53,qui labore est occaecati recusandae aliquid quam
54,quis et est ut voluptate quam dolor
55,voluptatum omnis minima qui occaecati provident nulla voluptatem ratione
56,deleniti ea temporibus enim
57,pariatur et magnam ea doloribus similique voluptatem rerum quia
58,est dicta totam qui explicabo doloribus qui dignissimos
59,perspiciatis velit id laborum placeat iusto et aliquam odio
60,et sequi qui architecto ut adipisci
61,odit optio omnis qui sunt
62,et placeat et tempore aspernatur sint numquam
63,doloremque aut dolores quidem fuga qui nulla
64,voluptas consequatur qui ut quia magnam nemo esse
65,fugiat pariatur ratione ut asperiores necessitatibus magni
66,rerum eum molestias autem voluptatum sit optio
67,quia voluptatibus voluptatem quos similique maiores repellat
68,aut id perspiciatis voluptatem iusto
69,doloribus sint dolorum ab adipisci itaque dignissimos aliquam suscipit
70,ut sequi accusantium et mollitia delectus sunt
71,aut velit saepe ullam
72,praesentium facilis facere quis harum voluptatibus voluptatem eum
73,sint amet quia totam corporis qui exercitationem commodi
74,expedita tempore nobis eveniet laborum maiores
75,occaecati adipisci est possimus totam
76,sequi dolorem sed
77,maiores aut nesciunt delectus exercitationem vel assumenda eligendi at
78,reiciendis est magnam amet nemo iste recusandae impedit quaerat
79,eum ipsa maxime ut
80,tempore molestias dolores rerum sequi voluptates ipsum consequatur
81,suscipit qui totam
82,voluptates eum voluptas et dicta
83,quidem at rerum quis ex aut sit quam
84,sunt veritatis ut voluptate
85,et quia ad iste a
86,incidunt ut saepe autem
87,laudantium quae eligendi consequatur quia et vero autem
88,vitae aut excepturi laboriosam sint aliquam et et accusantium
89,sequi ut omnis et
90,molestiae nisi accusantium tenetur dolorem et
91,nulla quis consequatur saepe qui id expedita
92,in omnis laboriosam
93,odio iure consequatur molestiae quibusdam necessitatibus quia sint
94,facilis modi saepe mollitia
95,vel nihil et molestiae iusto assumenda nemo quo ut
96,nobis suscipit ducimus enim asperiores voluptas
97,dolorum laboriosam eos qui iure aliquam
98,debitis accusantium ut quo facilis nihil quis sapiente necessitatibus
99,neque voluptates ratione
100,excepturi a et neque qui expedita vel voluptate
101,explicabo enim cumque porro aperiam occaecati minima
102,sed ab consequatur
103,non sunt delectus illo nulla tenetur enim omnis
104,excepturi non laudantium quo
105,totam quia dolorem et illum repellat voluptas optio
106,ad illo quis voluptatem temporibus
107,praesentium facilis omnis laudantium fugit ad iusto nihil nesciunt
108,a eos eaque nihil et exercitationem incidunt delectus
109,autem temporibus harum quisquam in culpa
110,aut aut ea corporis
111,magni accusantium labore et id quis provident
112,consectetur impedit quisquam qui deserunt non rerum consequuntur eius
113,quia atque aliquam sunt impedit voluptatum rerum assumenda nisi
114,cupiditate quos possimus corporis quisquam exercitationem beatae
115,sed et ea eum
116,ipsa dolores vel facilis ut
117,sequi quae est et qui qui eveniet asperiores
118,quia modi consequatur vero fugiat
119,corporis ducimus ea perspiciatis iste
120,dolorem laboriosam vel voluptas et aliquam quasi
121,inventore aut nihil minima laudantium hic qui omnis
122,provident aut nobis culpa
123,esse et quis iste est earum aut impedit
124,qui consectetur id
125,aut quasi autem iste tempore illum possimus
126,ut asperiores perspiciatis veniam ipsum rerum saepe
127,voluptatem libero consectetur rerum ut
128,eius omnis est qui voluptatem autem
129,rerum culpa quis harum
130,nulla aliquid eveniet harum laborum libero alias ut unde
131,qui ea incidunt quis
132,qui molestiae voluptatibus velit iure harum quisquam
133,et labore eos enim rerum consequatur sunt
134,molestiae doloribus et laborum quod ea
135,facere ipsa nam eum voluptates reiciendis vero qui
136,asperiores illo tempora fuga sed ut quasi adipisci
137,qui sit non
138,placeat minima consequatur rem qui ut
139,consequatur doloribus id possimus voluptas a voluptatem
140,aut consectetur in blanditiis deserunt quia sed laboriosam
141,explicabo consectetur debitis voluptates quas quae culpa rerum non
142,maiores accusantium architecto necessitatibus reiciendis ea aut
143,eum non recusandae cupiditate animi
144,ut eum exercitationem sint
145,beatae qui ullam incidunt voluptatem non nisi aliquam
146,molestiae suscipit ratione nihil odio libero impedit vero totam
147,eum itaque quod reprehenderit et facilis dolor autem ut
148,esse quas et quo quasi exercitationem
149,animi voluptas quod perferendis est
150,eos amet tempore laudantium fugit a
151,accusamus adipisci dicta qui quo ea explicabo sed vero
152,odit eligendi recusandae doloremque cumque non
153,ea aperiam consequatur qui repellat eos
154,rerum non ex sapiente
155,voluptatem nobis consequatur et assumenda magnam
156,nam quia quia nulla repellat assumenda quibusdam sit nobis
157,dolorem veniam quisquam deserunt repellendus
158,debitis vitae delectus et harum accusamus aut deleniti a
159,debitis adipisci quibusdam aliquam sed dolore ea praesentium nobis
160,et praesentium aliquam est
161,ex hic consequuntur earum omnis alias ut occaecati culpa
162,omnis laboriosam molestias animi sunt dolore
163,natus corrupti maxime laudantium et voluptatem laboriosam odit
164,reprehenderit quos aut aut consequatur est sed
165,fugiat perferendis sed aut quidem
166,quos quo possimus suscipit minima ut
167,et quis minus quo a asperiores molestiae
168,recusandae quia qui sunt libero
169,ea odio perferendis officiis
170,quisquam aliquam quia doloribus aut
171,fugiat aut voluptatibus corrupti deleniti velit iste odio
172,et provident amet rerum consectetur et voluptatum
173,harum ad aperiam quis
174,similique aut quo
175,laudantium eius officia perferendis provident perspiciatis asperiores
176,magni soluta corrupti ut maiores rem quidem
177,et placeat temporibus voluptas est tempora quos quibusdam
178,nesciunt itaque commodi tempore
179,omnis consequuntur cupiditate impedit itaque ipsam quo
180,debitis nisi et dolorem repellat et
181,ut cupiditate sequi aliquam fuga maiores
182,inventore saepe cumque et aut illum enim
183,omnis nulla eum aliquam distinctio
184,molestias modi perferendis perspiciatis
185,voluptates dignissimos sed doloribus animi quaerat aut
186,explicabo odio est et
187,consequuntur animi possimus
188,vel non beatae est
189,culpa eius et voluptatem et
190,accusamus sint iusto et voluptatem exercitationem
191,temporibus atque distinctio omnis eius impedit tempore molestias pariatur
192,ut quas possimus exercitationem sint voluptates
193,rerum debitis voluptatem qui eveniet tempora distinctio a
194,sed ut vero sit molestiae
195,rerum ex veniam mollitia voluptatibus pariatur
196,consequuntur aut ut fugit similique
197,dignissimos quo nobis earum saepe
198,quis eius est sint explicabo
199,numquam repellendus a magnam
200,ipsam aperiam voluptates qui
